组间总显著性,
类别,独立样本t检验显著,独立样本t检验显著且正态,Mann-Whitney U检验显著,
PSTD+HC,1239.0,884.0,1262.0,
组间不同血红蛋白显著性分布,
类别,独立样本t检验显著,独立样本t检验显著且正态,Mann-Whitney U检验显著,
oxy,386.0,282.0,411.0,
dxy,356.0,257.0,352.0,
total,497.0,345.0,499.0,
组间不同通道连接显著性分布,
类别,独立样本t检验显著,独立样本t检验显著且正态,Mann-Whitney U检验显著,
1,2.0,2.0,2.0,
2,2.0,2.0,2.0,
3,0.0,0.0,0.0,
4,2.0,2.0,2.0,
5,2.0,2.0,2.0,
6,6.0,5.0,6.0,
7,0.0,0.0,0.0,
8,0.0,0.0,0.0,
9,3.0,3.0,2.0,
10,0.0,0.0,1.0,
11,0.0,0.0,1.0,
12,4.0,2.0,4.0,
13,0.0,0.0,0.0,
14,0.0,0.0,0.0,
15,1.0,1.0,0.0,
16,0.0,0.0,0.0,
17,0.0,0.0,0.0,
18,0.0,0.0,1.0,
19,1.0,1.0,1.0,
20,1.0,1.0,1.0,
21,0.0,0.0,0.0,
22,1.0,1.0,0.0,
23,1.0,1.0,0.0,
24,1.0,1.0,2.0,
25,1.0,1.0,2.0,
26,1.0,1.0,2.0,
27,0.0,0.0,0.0,
28,1.0,0.0,1.0,
29,1.0,0.0,1.0,
30,0.0,0.0,0.0,
31,0.0,0.0,0.0,
32,0.0,0.0,0.0,
33,0.0,0.0,0.0,
34,0.0,0.0,0.0,
35,0.0,0.0,0.0,
36,1.0,0.0,2.0,
37,1.0,0.0,1.0,
38,1.0,0.0,1.0,
39,1.0,1.0,1.0,
40,1.0,0.0,1.0,
41,1.0,0.0,1.0,
42,0.0,0.0,0.0,
43,0.0,0.0,0.0,
44,0.0,0.0,0.0,
45,2.0,2.0,1.0,
46,0.0,0.0,0.0,
47,0.0,0.0,0.0,
48,0.0,0.0,0.0,
49,0.0,0.0,1.0,
50,0.0,0.0,1.0,
51,3.0,0.0,2.0,
52,2.0,2.0,1.0,
53,2.0,2.0,1.0,
54,1.0,1.0,2.0,
55,2.0,2.0,2.0,
56,2.0,2.0,2.0,
57,2.0,2.0,3.0,
58,0.0,0.0,0.0,
59,0.0,0.0,0.0,
60,0.0,0.0,0.0,
61,1.0,1.0,0.0,
62,1.0,1.0,0.0,
63,1.0,1.0,1.0,
64,2.0,2.0,2.0,
65,2.0,2.0,2.0,
66,2.0,2.0,2.0,
67,1.0,1.0,1.0,
68,1.0,1.0,1.0,
69,1.0,1.0,1.0,
70,1.0,1.0,1.0,
71,1.0,1.0,1.0,
72,0.0,0.0,0.0,
73,1.0,1.0,0.0,
74,1.0,1.0,0.0,
75,1.0,0.0,1.0,
76,0.0,0.0,0.0,
77,0.0,0.0,0.0,
78,0.0,0.0,0.0,
79,3.0,3.0,3.0,
80,3.0,3.0,3.0,
81,0.0,0.0,0.0,
82,1.0,1.0,1.0,
83,1.0,1.0,1.0,
84,0.0,0.0,0.0,
85,0.0,0.0,1.0,
86,0.0,0.0,1.0,
87,0.0,0.0,0.0,
88,1.0,1.0,1.0,
89,1.0,1.0,1.0,
90,0.0,0.0,0.0,
91,0.0,0.0,1.0,
92,0.0,0.0,1.0,
93,5.0,1.0,6.0,
94,0.0,0.0,0.0,
95,0.0,0.0,0.0,
96,0.0,0.0,1.0,
97,3.0,2.0,3.0,
98,3.0,2.0,3.0,
99,0.0,0.0,0.0,
100,1.0,1.0,1.0,
101,1.0,1.0,1.0,
102,1.0,1.0,1.0,
103,1.0,1.0,1.0,
104,1.0,1.0,1.0,
105,1.0,1.0,1.0,
106,1.0,0.0,1.0,
107,1.0,0.0,1.0,
108,0.0,0.0,1.0,
109,1.0,0.0,1.0,
110,1.0,0.0,1.0,
111,1.0,1.0,1.0,
112,0.0,0.0,0.0,
113,0.0,0.0,0.0,
114,0.0,0.0,0.0,
115,2.0,2.0,2.0,
116,2.0,2.0,2.0,
117,0.0,0.0,0.0,
118,1.0,0.0,1.0,
119,1.0,0.0,1.0,
120,3.0,0.0,4.0,
121,2.0,2.0,1.0,
122,2.0,2.0,1.0,
123,1.0,0.0,0.0,
124,0.0,0.0,0.0,
125,0.0,0.0,0.0,
126,6.0,5.0,6.0,
127,3.0,3.0,2.0,
128,3.0,3.0,2.0,
129,0.0,0.0,1.0,
130,0.0,0.0,0.0,
131,0.0,0.0,0.0,
132,0.0,0.0,0.0,
133,2.0,2.0,3.0,
134,2.0,2.0,3.0,
135,2.0,2.0,3.0,
136,2.0,1.0,2.0,
137,2.0,1.0,2.0,
138,0.0,0.0,0.0,
139,1.0,1.0,2.0,
140,1.0,1.0,2.0,
141,1.0,1.0,1.0,
142,2.0,2.0,3.0,
143,2.0,2.0,3.0,
144,1.0,1.0,1.0,
145,3.0,3.0,5.0,
146,3.0,3.0,5.0,
147,0.0,0.0,0.0,
148,4.0,2.0,3.0,
149,4.0,2.0,3.0,
150,0.0,0.0,0.0,
151,2.0,1.0,1.0,
152,2.0,1.0,1.0,
153,1.0,1.0,1.0,
154,0.0,0.0,0.0,
155,0.0,0.0,0.0,
156,0.0,0.0,0.0,
157,1.0,1.0,1.0,
158,1.0,1.0,1.0,
159,1.0,0.0,1.0,
160,1.0,0.0,0.0,
161,1.0,0.0,0.0,
162,0.0,0.0,0.0,
163,0.0,0.0,0.0,
164,0.0,0.0,0.0,
165,1.0,1.0,0.0,
166,1.0,0.0,1.0,
167,1.0,0.0,1.0,
168,0.0,0.0,0.0,
169,1.0,1.0,1.0,
170,1.0,1.0,1.0,
171,0.0,0.0,0.0,
172,2.0,0.0,4.0,
173,2.0,0.0,4.0,
174,1.0,1.0,1.0,
175,2.0,2.0,3.0,
176,2.0,2.0,3.0,
177,2.0,2.0,2.0,
178,1.0,1.0,2.0,
179,1.0,1.0,2.0,
180,3.0,2.0,2.0,
181,1.0,1.0,1.0,
182,1.0,1.0,1.0,
183,0.0,0.0,0.0,
184,0.0,0.0,1.0,
185,0.0,0.0,1.0,
186,0.0,0.0,0.0,
187,0.0,0.0,0.0,
188,0.0,0.0,0.0,
189,2.0,2.0,2.0,
190,1.0,0.0,1.0,
191,1.0,0.0,1.0,
192,4.0,2.0,5.0,
193,1.0,0.0,1.0,
194,1.0,0.0,1.0,
195,0.0,0.0,0.0,
196,0.0,0.0,0.0,
197,0.0,0.0,0.0,
198,0.0,0.0,0.0,
199,1.0,1.0,1.0,
200,1.0,1.0,1.0,
201,2.0,0.0,2.0,
202,1.0,1.0,1.0,
203,1.0,1.0,1.0,
204,0.0,0.0,0.0,
205,5.0,3.0,3.0,
206,5.0,3.0,3.0,
207,0.0,0.0,0.0,
208,1.0,1.0,0.0,
209,1.0,1.0,0.0,
210,8.0,4.0,5.0,
211,1.0,1.0,1.0,
212,1.0,1.0,1.0,
213,0.0,0.0,0.0,
214,6.0,2.0,5.0,
215,6.0,2.0,5.0,
216,0.0,0.0,0.0,
217,2.0,1.0,1.0,
218,2.0,1.0,1.0,
219,0.0,0.0,0.0,
220,0.0,0.0,0.0,
221,0.0,0.0,0.0,
222,2.0,1.0,2.0,
223,1.0,0.0,0.0,
224,1.0,0.0,0.0,
225,0.0,0.0,0.0,
226,0.0,0.0,1.0,
227,0.0,0.0,1.0,
228,0.0,0.0,0.0,
229,2.0,1.0,2.0,
230,2.0,1.0,2.0,
231,6.0,4.0,6.0,
232,2.0,1.0,3.0,
233,2.0,1.0,3.0,
234,1.0,1.0,1.0,
235,0.0,0.0,0.0,
236,0.0,0.0,0.0,
237,4.0,2.0,4.0,
238,0.0,0.0,0.0,
239,0.0,0.0,0.0,
240,6.0,5.0,6.0,
241,0.0,0.0,0.0,
242,0.0,0.0,0.0,
243,1.0,0.0,1.0,
244,0.0,0.0,0.0,
245,0.0,0.0,0.0,
246,0.0,0.0,0.0,
247,2.0,1.0,2.0,
248,2.0,1.0,2.0,
249,1.0,1.0,0.0,
250,3.0,1.0,2.0,
251,3.0,1.0,2.0,
252,2.0,1.0,2.0,
253,2.0,0.0,0.0,
254,2.0,0.0,0.0,
255,2.0,2.0,1.0,
256,2.0,1.0,2.0,
257,2.0,1.0,2.0,
258,2.0,2.0,2.0,
259,2.0,1.0,1.0,
260,2.0,1.0,1.0,
261,0.0,0.0,0.0,
262,0.0,0.0,0.0,
263,0.0,0.0,0.0,
264,0.0,0.0,0.0,
265,1.0,0.0,1.0,
266,1.0,0.0,1.0,
267,1.0,1.0,0.0,
268,1.0,1.0,1.0,
269,1.0,1.0,1.0,
270,0.0,0.0,0.0,
271,1.0,1.0,1.0,
272,1.0,1.0,1.0,
273,1.0,1.0,1.0,
274,3.0,3.0,2.0,
275,3.0,3.0,2.0,
276,2.0,2.0,1.0,
277,5.0,3.0,5.0,
278,5.0,3.0,5.0,
279,1.0,1.0,0.0,
280,3.0,3.0,3.0,
281,3.0,3.0,3.0,
282,3.0,2.0,5.0,
283,1.0,1.0,1.0,
284,1.0,1.0,1.0,
285,6.0,6.0,7.0,
286,1.0,1.0,2.0,
287,1.0,1.0,2.0,
288,3.0,3.0,5.0,
289,1.0,1.0,1.0,
290,1.0,1.0,1.0,
291,0.0,0.0,0.0,
292,0.0,0.0,0.0,
293,0.0,0.0,0.0,
294,2.0,1.0,2.0,
295,1.0,0.0,0.0,
296,1.0,0.0,0.0,
297,0.0,0.0,1.0,
298,1.0,1.0,2.0,
299,1.0,1.0,2.0,
300,1.0,1.0,1.0,
301,0.0,0.0,0.0,
302,0.0,0.0,0.0,
303,0.0,0.0,0.0,
304,2.0,2.0,2.0,
305,2.0,2.0,2.0,
306,4.0,3.0,4.0,
307,0.0,0.0,1.0,
308,0.0,0.0,1.0,
309,0.0,0.0,0.0,
310,1.0,1.0,1.0,
311,1.0,1.0,1.0,
312,0.0,0.0,0.0,
313,0.0,0.0,0.0,
314,0.0,0.0,0.0,
315,0.0,0.0,0.0,
316,0.0,0.0,1.0,
317,0.0,0.0,1.0,
318,0.0,0.0,0.0,
319,0.0,0.0,0.0,
320,0.0,0.0,0.0,
321,2.0,1.0,3.0,
322,3.0,3.0,5.0,
323,3.0,3.0,5.0,
324,0.0,0.0,1.0,
325,1.0,1.0,2.0,
326,1.0,1.0,2.0,
327,0.0,0.0,0.0,
328,2.0,1.0,3.0,
329,2.0,1.0,3.0,
330,2.0,1.0,3.0,
331,0.0,0.0,1.0,
332,0.0,0.0,1.0,
333,0.0,0.0,1.0,
334,2.0,1.0,3.0,
335,2.0,1.0,3.0,
336,3.0,3.0,3.0,
337,0.0,0.0,0.0,
338,0.0,0.0,0.0,
339,1.0,1.0,1.0,
340,0.0,0.0,0.0,
341,0.0,0.0,0.0,
342,0.0,0.0,0.0,
343,0.0,0.0,0.0,
344,0.0,0.0,0.0,
345,3.0,1.0,3.0,
346,0.0,0.0,0.0,
347,0.0,0.0,0.0,
348,6.0,4.0,6.0,
349,0.0,0.0,0.0,
350,0.0,0.0,0.0,
351,7.0,5.0,7.0,
352,0.0,0.0,0.0,
353,0.0,0.0,0.0,
354,5.0,4.0,4.0,
355,1.0,1.0,2.0,
356,1.0,1.0,2.0,
357,4.0,4.0,4.0,
358,1.0,1.0,1.0,
359,1.0,1.0,1.0,
360,0.0,0.0,0.0,
361,0.0,0.0,0.0,
362,0.0,0.0,0.0,
363,0.0,0.0,0.0,
364,2.0,2.0,3.0,
365,2.0,2.0,3.0,
366,1.0,0.0,0.0,
367,0.0,0.0,1.0,
368,0.0,0.0,1.0,
369,3.0,0.0,1.0,
370,2.0,2.0,3.0,
371,2.0,2.0,3.0,
372,0.0,0.0,0.0,
373,1.0,1.0,1.0,
374,1.0,1.0,1.0,
375,3.0,3.0,5.0,
376,2.0,1.0,2.0,
377,2.0,1.0,2.0,
378,0.0,0.0,0.0,
379,3.0,0.0,3.0,
380,3.0,0.0,3.0,
381,2.0,1.0,2.0,
382,2.0,2.0,1.0,
383,2.0,2.0,1.0,
384,2.0,2.0,2.0,
385,2.0,1.0,2.0,
386,2.0,1.0,2.0,
387,1.0,0.0,1.0,
388,0.0,0.0,0.0,
389,0.0,0.0,0.0,
390,0.0,0.0,0.0,
391,1.0,0.0,1.0,
392,1.0,0.0,1.0,
393,0.0,0.0,0.0,
394,0.0,0.0,0.0,
395,0.0,0.0,0.0,
396,0.0,0.0,0.0,
397,0.0,0.0,1.0,
398,0.0,0.0,1.0,
399,0.0,0.0,0.0,
400,0.0,0.0,0.0,
401,0.0,0.0,0.0,
402,1.0,1.0,1.0,
403,0.0,0.0,2.0,
404,0.0,0.0,2.0,
405,2.0,2.0,2.0,
406,0.0,0.0,0.0,
407,0.0,0.0,0.0,
408,0.0,0.0,0.0,
409,0.0,0.0,0.0,
410,0.0,0.0,0.0,
411,3.0,1.0,3.0,
412,1.0,1.0,1.0,
413,1.0,1.0,1.0,
414,1.0,1.0,1.0,
415,1.0,0.0,0.0,
416,1.0,0.0,0.0,
417,4.0,1.0,6.0,
418,0.0,0.0,0.0,
419,0.0,0.0,0.0,
420,0.0,0.0,0.0,
421,1.0,1.0,1.0,
422,1.0,1.0,1.0,
423,2.0,2.0,2.0,
424,2.0,1.0,1.0,
425,2.0,1.0,1.0,
426,0.0,0.0,0.0,
427,0.0,0.0,1.0,
428,0.0,0.0,1.0,
429,2.0,2.0,2.0,
430,1.0,1.0,1.0,
431,1.0,1.0,1.0,
432,0.0,0.0,0.0,
433,0.0,0.0,0.0,
434,0.0,0.0,0.0,
435,1.0,1.0,1.0,
436,1.0,1.0,2.0,
437,1.0,1.0,2.0,
438,5.0,1.0,4.0,
439,2.0,2.0,1.0,
440,2.0,2.0,1.0,
441,4.0,1.0,2.0,
442,0.0,0.0,0.0,
443,0.0,0.0,0.0,
444,3.0,2.0,4.0,
445,2.0,1.0,0.0,
446,2.0,1.0,0.0,
447,0.0,0.0,0.0,
448,1.0,1.0,1.0,
449,1.0,1.0,1.0,
450,5.0,1.0,5.0,
451,0.0,0.0,0.0,
452,0.0,0.0,0.0,
453,0.0,0.0,0.0,
454,4.0,4.0,4.0,
455,4.0,4.0,4.0,
456,0.0,0.0,0.0,
457,0.0,0.0,0.0,
458,0.0,0.0,0.0,
459,1.0,1.0,1.0,
460,3.0,2.0,3.0,
461,3.0,2.0,3.0,
462,0.0,0.0,2.0,
463,0.0,0.0,0.0,
464,0.0,0.0,0.0,
465,1.0,1.0,1.0,
466,0.0,0.0,1.0,
467,0.0,0.0,1.0,
468,1.0,1.0,1.0,
469,1.0,0.0,1.0,
470,1.0,0.0,1.0,
471,2.0,1.0,1.0,
472,0.0,0.0,0.0,
473,0.0,0.0,0.0,
474,1.0,0.0,0.0,
475,1.0,0.0,1.0,
476,1.0,0.0,1.0,
477,0.0,0.0,0.0,
478,3.0,1.0,4.0,
479,3.0,1.0,4.0,
480,2.0,1.0,1.0,
481,0.0,0.0,1.0,
482,0.0,0.0,1.0,
483,0.0,0.0,1.0,
484,1.0,1.0,1.0,
485,1.0,1.0,1.0,
486,0.0,0.0,0.0,
487,2.0,0.0,3.0,
488,2.0,0.0,3.0,
489,0.0,0.0,0.0,
490,1.0,1.0,0.0,
491,1.0,1.0,0.0,
492,0.0,0.0,0.0,
493,1.0,0.0,1.0,
494,1.0,0.0,1.0,
495,2.0,2.0,2.0,
496,0.0,0.0,0.0,
497,0.0,0.0,0.0,
498,1.0,1.0,0.0,
499,1.0,1.0,1.0,
500,1.0,1.0,1.0,
501,0.0,0.0,0.0,
502,0.0,0.0,1.0,
503,0.0,0.0,1.0,
504,0.0,0.0,0.0,
505,2.0,0.0,1.0,
506,2.0,0.0,1.0,
507,1.0,0.0,1.0,
508,0.0,0.0,0.0,
509,0.0,0.0,0.0,
510,0.0,0.0,0.0,
511,1.0,0.0,1.0,
512,1.0,0.0,1.0,
513,1.0,1.0,1.0,
514,0.0,0.0,0.0,
515,0.0,0.0,0.0,
516,0.0,0.0,0.0,
517,0.0,0.0,0.0,
518,0.0,0.0,0.0,
519,2.0,1.0,2.0,
520,0.0,0.0,0.0,
521,0.0,0.0,0.0,
522,0.0,0.0,0.0,
523,0.0,0.0,0.0,
524,0.0,0.0,0.0,
525,0.0,0.0,0.0,
526,0.0,0.0,0.0,
527,0.0,0.0,0.0,
528,1.0,0.0,0.0,
529,0.0,0.0,0.0,
530,0.0,0.0,0.0,
531,0.0,0.0,0.0,
532,0.0,0.0,0.0,
533,0.0,0.0,0.0,
534,0.0,0.0,0.0,
535,0.0,0.0,0.0,
536,0.0,0.0,0.0,
537,3.0,1.0,3.0,
538,3.0,3.0,3.0,
539,3.0,3.0,3.0,
540,1.0,0.0,3.0,
541,0.0,0.0,0.0,
542,0.0,0.0,0.0,
543,2.0,2.0,2.0,
544,3.0,2.0,3.0,
545,3.0,2.0,3.0,
546,0.0,0.0,0.0,
547,2.0,2.0,2.0,
548,2.0,2.0,2.0,
549,2.0,2.0,3.0,
550,1.0,0.0,0.0,
551,1.0,0.0,0.0,
552,2.0,1.0,2.0,
553,0.0,0.0,0.0,
554,0.0,0.0,0.0,
555,2.0,2.0,3.0,
556,0.0,0.0,0.0,
557,0.0,0.0,0.0,
558,2.0,2.0,2.0,
559,0.0,0.0,0.0,
560,0.0,0.0,0.0,
561,1.0,0.0,1.0,
562,0.0,0.0,0.0,
563,0.0,0.0,0.0,
564,0.0,0.0,0.0,
565,1.0,1.0,1.0,
566,1.0,1.0,1.0,
567,3.0,1.0,2.0,
568,1.0,1.0,1.0,
569,1.0,1.0,1.0,
570,4.0,4.0,3.0,
571,2.0,1.0,2.0,
572,2.0,1.0,2.0,
573,1.0,1.0,1.0,
574,1.0,1.0,1.0,
575,1.0,1.0,1.0,
576,1.0,1.0,1.0,
577,0.0,0.0,2.0,
578,0.0,0.0,2.0,
579,0.0,0.0,1.0,
580,0.0,0.0,0.0,
581,0.0,0.0,0.0,
582,1.0,1.0,1.0,
583,4.0,2.0,4.0,
584,4.0,2.0,4.0,
585,3.0,1.0,2.0,
586,0.0,0.0,0.0,
587,0.0,0.0,0.0,
588,0.0,0.0,1.0,
589,3.0,2.0,3.0,
590,3.0,2.0,3.0,
591,0.0,0.0,1.0,
592,0.0,0.0,1.0,
593,0.0,0.0,1.0,
594,0.0,0.0,0.0,
595,1.0,1.0,1.0,
596,1.0,1.0,1.0,
597,0.0,0.0,0.0,
598,0.0,0.0,0.0,
599,0.0,0.0,0.0,
600,1.0,1.0,1.0,
601,2.0,2.0,2.0,
602,2.0,2.0,2.0,
603,2.0,1.0,2.0,
604,1.0,1.0,1.0,
605,1.0,1.0,1.0,
606,0.0,0.0,0.0,
607,0.0,0.0,0.0,
608,0.0,0.0,0.0,
609,1.0,1.0,2.0,
610,0.0,0.0,0.0,
611,0.0,0.0,0.0,
612,1.0,0.0,0.0,
613,2.0,2.0,2.0,
614,2.0,2.0,2.0,
615,1.0,1.0,1.0,
616,0.0,0.0,0.0,
617,0.0,0.0,0.0,
618,1.0,1.0,0.0,
619,0.0,0.0,0.0,
620,0.0,0.0,0.0,
621,0.0,0.0,0.0,
622,0.0,0.0,0.0,
623,0.0,0.0,0.0,
624,1.0,0.0,3.0,
625,2.0,1.0,1.0,
626,2.0,1.0,1.0,
627,0.0,0.0,0.0,
628,1.0,1.0,1.0,
629,1.0,1.0,1.0,
630,4.0,4.0,3.0,
631,2.0,2.0,2.0,
632,2.0,2.0,2.0,
633,1.0,1.0,1.0,
634,0.0,0.0,0.0,
635,0.0,0.0,0.0,
636,0.0,0.0,0.0,
637,0.0,0.0,0.0,
638,0.0,0.0,0.0,
639,0.0,0.0,0.0,
640,1.0,0.0,1.0,
641,1.0,0.0,1.0,
642,1.0,1.0,1.0,
643,1.0,1.0,1.0,
644,1.0,1.0,1.0,
645,2.0,2.0,2.0,
646,0.0,0.0,0.0,
647,0.0,0.0,0.0,
648,0.0,0.0,0.0,
649,2.0,1.0,2.0,
650,2.0,1.0,2.0,
651,0.0,0.0,0.0,
652,1.0,1.0,1.0,
653,1.0,1.0,1.0,
654,0.0,0.0,0.0,
655,3.0,3.0,3.0,
656,3.0,3.0,3.0,
657,0.0,0.0,0.0,
658,3.0,3.0,2.0,
659,3.0,3.0,2.0,
660,2.0,1.0,3.0,
661,1.0,0.0,1.0,
662,1.0,0.0,1.0,
663,0.0,0.0,1.0,
664,0.0,0.0,0.0,
665,0.0,0.0,0.0,
666,4.0,4.0,5.0,
667,0.0,0.0,1.0,
668,0.0,0.0,1.0,
669,2.0,1.0,1.0,
670,1.0,1.0,1.0,
671,1.0,1.0,1.0,
672,1.0,0.0,1.0,
673,1.0,1.0,0.0,
674,1.0,1.0,0.0,
675,3.0,2.0,3.0,
676,0.0,0.0,0.0,
677,0.0,0.0,0.0,
678,0.0,0.0,0.0,
679,0.0,0.0,0.0,
680,0.0,0.0,0.0,
681,0.0,0.0,0.0,
682,0.0,0.0,0.0,
683,0.0,0.0,0.0,
684,0.0,0.0,0.0,
685,0.0,0.0,0.0,
686,0.0,0.0,0.0,
687,0.0,0.0,0.0,
688,0.0,0.0,0.0,
689,0.0,0.0,0.0,
690,0.0,0.0,0.0,
691,1.0,0.0,0.0,
692,1.0,0.0,0.0,
693,1.0,0.0,1.0,
694,0.0,0.0,0.0,
695,0.0,0.0,0.0,
696,1.0,1.0,1.0,
697,0.0,0.0,0.0,
698,0.0,0.0,0.0,
699,1.0,1.0,0.0,
700,2.0,2.0,2.0,
701,2.0,2.0,2.0,
702,0.0,0.0,0.0,
703,3.0,3.0,1.0,
704,3.0,3.0,1.0,
705,1.0,1.0,1.0,
706,0.0,0.0,0.0,
707,0.0,0.0,0.0,
708,1.0,1.0,1.0,
709,1.0,1.0,2.0,
710,1.0,1.0,2.0,
711,0.0,0.0,0.0,
712,2.0,2.0,2.0,
713,2.0,2.0,2.0,
714,7.0,4.0,4.0,
715,0.0,0.0,0.0,
716,0.0,0.0,0.0,
717,0.0,0.0,0.0,
718,3.0,3.0,3.0,
719,3.0,3.0,3.0,
720,1.0,0.0,1.0,
721,0.0,0.0,0.0,
722,0.0,0.0,0.0,
723,0.0,0.0,0.0,
724,1.0,0.0,1.0,
725,1.0,0.0,1.0,
726,0.0,0.0,0.0,
727,4.0,3.0,3.0,
728,4.0,3.0,3.0,
729,1.0,1.0,2.0,
730,0.0,0.0,0.0,
731,0.0,0.0,0.0,
732,1.0,1.0,1.0,
733,0.0,0.0,0.0,
734,0.0,0.0,0.0,
735,0.0,0.0,0.0,
736,1.0,1.0,1.0,
737,1.0,1.0,1.0,
738,0.0,0.0,0.0,
739,0.0,0.0,0.0,
740,0.0,0.0,0.0,
741,0.0,0.0,0.0,
742,1.0,0.0,1.0,
743,1.0,0.0,1.0,
744,0.0,0.0,0.0,
745,0.0,0.0,0.0,
746,0.0,0.0,0.0,
747,0.0,0.0,0.0,
748,0.0,0.0,0.0,
749,0.0,0.0,0.0,
750,4.0,2.0,6.0,
751,0.0,0.0,0.0,
752,0.0,0.0,0.0,
753,1.0,1.0,1.0,
754,1.0,1.0,2.0,
755,1.0,1.0,2.0,
756,0.0,0.0,0.0,
757,2.0,1.0,2.0,
758,2.0,1.0,2.0,
759,5.0,1.0,5.0,
760,1.0,0.0,2.0,
761,1.0,0.0,2.0,
762,0.0,0.0,1.0,
763,0.0,0.0,0.0,
764,0.0,0.0,0.0,
765,1.0,0.0,2.0,
766,1.0,1.0,1.0,
767,1.0,1.0,1.0,
768,0.0,0.0,1.0,
769,5.0,4.0,6.0,
770,5.0,4.0,6.0,
771,0.0,0.0,0.0,
772,1.0,1.0,1.0,
773,1.0,1.0,1.0,
774,2.0,1.0,2.0,
775,1.0,0.0,2.0,
776,1.0,0.0,2.0,
777,1.0,1.0,1.0,
778,1.0,0.0,2.0,
779,1.0,0.0,2.0,
780,0.0,0.0,0.0,
781,1.0,0.0,1.0,
782,1.0,0.0,1.0,
783,3.0,3.0,3.0,
784,1.0,1.0,0.0,
785,1.0,1.0,0.0,
786,2.0,2.0,1.0,
787,1.0,1.0,1.0,
788,1.0,1.0,1.0,
789,1.0,0.0,1.0,
790,2.0,0.0,1.0,
791,2.0,0.0,1.0,
792,0.0,0.0,0.0,
793,1.0,1.0,1.0,
794,1.0,1.0,1.0,
795,1.0,1.0,1.0,
796,0.0,0.0,0.0,
797,0.0,0.0,0.0,
798,1.0,1.0,1.0,
799,0.0,0.0,0.0,
800,0.0,0.0,0.0,
801,1.0,1.0,1.0,
802,0.0,0.0,1.0,
803,0.0,0.0,1.0,
804,3.0,3.0,2.0,
805,1.0,1.0,2.0,
806,1.0,1.0,2.0,
807,1.0,1.0,1.0,
808,3.0,2.0,2.0,
809,3.0,2.0,2.0,
810,1.0,1.0,1.0,
811,3.0,3.0,4.0,
812,3.0,3.0,4.0,
813,4.0,3.0,4.0,
814,1.0,0.0,1.0,
815,1.0,0.0,1.0,
816,3.0,1.0,2.0,
817,1.0,1.0,1.0,
818,1.0,1.0,1.0,
819,0.0,0.0,0.0,
820,1.0,1.0,1.0,
821,1.0,1.0,1.0,
822,0.0,0.0,0.0,
823,1.0,1.0,1.0,
824,1.0,1.0,1.0,
825,0.0,0.0,0.0,
826,2.0,2.0,2.0,
827,2.0,2.0,2.0,
828,1.0,1.0,0.0,
829,2.0,2.0,2.0,
830,2.0,2.0,2.0,
831,0.0,0.0,0.0,
832,2.0,2.0,2.0,
833,2.0,2.0,2.0,
834,0.0,0.0,2.0,
835,1.0,0.0,1.0,
836,1.0,0.0,1.0,
837,0.0,0.0,0.0,
838,1.0,0.0,1.0,
839,1.0,0.0,1.0,
840,1.0,1.0,0.0,
841,2.0,2.0,2.0,
842,2.0,2.0,2.0,
843,2.0,2.0,1.0,
844,1.0,1.0,0.0,
845,1.0,1.0,0.0,
846,0.0,0.0,0.0,
847,0.0,0.0,0.0,
848,0.0,0.0,0.0,
849,0.0,0.0,0.0,
850,1.0,1.0,1.0,
851,1.0,1.0,1.0,
852,3.0,3.0,3.0,
853,3.0,2.0,4.0,
854,3.0,2.0,4.0,
855,5.0,3.0,5.0,
856,1.0,1.0,2.0,
857,1.0,1.0,2.0,
858,0.0,0.0,0.0,
859,3.0,2.0,3.0,
860,3.0,2.0,3.0,
861,2.0,0.0,3.0,
862,1.0,0.0,0.0,
863,1.0,0.0,0.0,
864,5.0,2.0,4.0,
865,2.0,2.0,2.0,
866,2.0,2.0,2.0,
867,0.0,0.0,0.0,
868,0.0,0.0,0.0,
869,0.0,0.0,0.0,
870,2.0,2.0,2.0,
871,1.0,1.0,0.0,
872,1.0,1.0,0.0,
873,0.0,0.0,0.0,
874,0.0,0.0,0.0,
875,0.0,0.0,0.0,
876,4.0,4.0,4.0,
877,1.0,0.0,1.0,
878,1.0,0.0,1.0,
879,2.0,2.0,1.0,
880,3.0,2.0,3.0,
881,3.0,2.0,3.0,
882,1.0,1.0,0.0,
883,2.0,0.0,2.0,
884,2.0,0.0,2.0,
885,2.0,1.0,1.0,
886,1.0,1.0,1.0,
887,1.0,1.0,1.0,
888,1.0,1.0,1.0,
889,4.0,4.0,2.0,
890,4.0,4.0,2.0,
891,1.0,1.0,1.0,
892,0.0,0.0,0.0,
893,0.0,0.0,0.0,
894,2.0,1.0,2.0,
895,2.0,1.0,2.0,
896,2.0,1.0,2.0,
897,0.0,0.0,0.0,
898,0.0,0.0,1.0,
899,0.0,0.0,1.0,
900,6.0,6.0,4.0,
901,0.0,0.0,0.0,
902,0.0,0.0,0.0,
903,1.0,1.0,1.0,
904,1.0,0.0,1.0,
905,1.0,0.0,1.0,
906,4.0,4.0,3.0,
907,0.0,0.0,0.0,
908,0.0,0.0,0.0,
909,0.0,0.0,0.0,
910,0.0,0.0,1.0,
911,0.0,0.0,1.0,
912,3.0,3.0,3.0,
913,0.0,0.0,0.0,
914,0.0,0.0,0.0,
915,0.0,0.0,1.0,
916,0.0,0.0,0.0,
917,0.0,0.0,0.0,
918,1.0,1.0,1.0,
919,1.0,1.0,1.0,
920,1.0,1.0,1.0,
921,0.0,0.0,0.0,
922,0.0,0.0,0.0,
923,0.0,0.0,0.0,
924,0.0,0.0,0.0,
925,0.0,0.0,0.0,
926,0.0,0.0,0.0,
927,1.0,0.0,3.0,
928,1.0,0.0,1.0,
929,1.0,0.0,1.0,
930,5.0,5.0,3.0,
931,1.0,1.0,2.0,
932,1.0,1.0,2.0,
933,3.0,1.0,3.0,
934,1.0,1.0,1.0,
935,1.0,1.0,1.0,
936,5.0,3.0,5.0,
937,0.0,0.0,0.0,
938,0.0,0.0,0.0,
939,1.0,1.0,1.0,
940,0.0,0.0,0.0,
941,0.0,0.0,0.0,
942,0.0,0.0,0.0,
943,2.0,0.0,1.0,
944,2.0,0.0,1.0,
945,0.0,0.0,0.0,
946,1.0,1.0,1.0,
947,1.0,1.0,1.0,
948,1.0,1.0,1.0,
949,2.0,2.0,2.0,
950,2.0,2.0,2.0,
951,2.0,2.0,2.0,
952,1.0,1.0,0.0,
953,1.0,1.0,0.0,
954,0.0,0.0,0.0,
955,1.0,1.0,2.0,
956,1.0,1.0,2.0,
957,1.0,1.0,1.0,
958,0.0,0.0,0.0,
959,0.0,0.0,0.0,
960,0.0,0.0,0.0,
961,1.0,1.0,1.0,
962,1.0,1.0,1.0,
963,0.0,0.0,0.0,
964,2.0,1.0,1.0,
965,2.0,1.0,1.0,
966,1.0,1.0,1.0,
967,1.0,1.0,1.0,
968,1.0,1.0,1.0,
969,2.0,0.0,2.0,
970,1.0,1.0,1.0,
971,1.0,1.0,1.0,
972,1.0,0.0,1.0,
973,0.0,0.0,0.0,
974,0.0,0.0,0.0,
975,0.0,0.0,0.0,
976,0.0,0.0,0.0,
977,0.0,0.0,0.0,
978,1.0,0.0,0.0,
979,1.0,0.0,2.0,
980,1.0,0.0,2.0,
981,2.0,1.0,2.0,
982,4.0,4.0,4.0,
983,4.0,4.0,4.0,
984,1.0,1.0,0.0,
985,1.0,1.0,1.0,
986,1.0,1.0,1.0,
987,5.0,4.0,4.0,
988,1.0,1.0,1.0,
989,1.0,1.0,1.0,
990,4.0,4.0,3.0,
991,2.0,2.0,3.0,
992,2.0,2.0,3.0,
993,0.0,0.0,0.0,
994,1.0,1.0,1.0,
995,1.0,1.0,1.0,
996,2.0,1.0,2.0,
997,1.0,0.0,0.0,
998,1.0,0.0,0.0,
999,0.0,0.0,0.0,
1000,1.0,1.0,1.0,
1001,1.0,1.0,1.0,
1002,4.0,2.0,5.0,
1003,1.0,0.0,0.0,
1004,1.0,0.0,0.0,
1005,0.0,0.0,0.0,
1006,1.0,1.0,1.0,
1007,1.0,1.0,1.0,
1008,0.0,0.0,0.0,
1009,3.0,2.0,1.0,
1010,3.0,2.0,1.0,
1011,0.0,0.0,0.0,
1012,1.0,1.0,2.0,
1013,1.0,1.0,2.0,
1014,1.0,1.0,1.0,
1015,1.0,1.0,1.0,
1016,1.0,1.0,1.0,
1017,0.0,0.0,0.0,
1018,3.0,3.0,3.0,
1019,3.0,3.0,3.0,
1020,0.0,0.0,0.0,
1021,1.0,1.0,0.0,
1022,1.0,1.0,0.0,
1023,1.0,1.0,1.0,
1024,2.0,2.0,0.0,
1025,2.0,2.0,0.0,
1026,1.0,0.0,2.0,
1027,0.0,0.0,0.0,
1028,0.0,0.0,0.0,
1029,0.0,0.0,0.0,
1030,1.0,1.0,2.0,
1031,1.0,1.0,2.0,
1032,0.0,0.0,1.0,
1033,1.0,1.0,1.0,
1034,1.0,1.0,1.0,
1035,0.0,0.0,1.0,
1036,0.0,0.0,0.0,
1037,0.0,0.0,0.0,
1038,1.0,1.0,2.0,
1039,1.0,1.0,0.0,
1040,1.0,1.0,0.0,
1041,2.0,0.0,2.0,
1042,1.0,1.0,1.0,
1043,1.0,1.0,1.0,
1044,0.0,0.0,0.0,
1045,0.0,0.0,0.0,
1046,0.0,0.0,0.0,
1047,0.0,0.0,0.0,
1048,0.0,0.0,0.0,
1049,0.0,0.0,0.0,
1050,3.0,1.0,1.0,
1051,2.0,1.0,3.0,
1052,2.0,1.0,3.0,
1053,0.0,0.0,0.0,
1054,1.0,1.0,1.0,
1055,1.0,1.0,1.0,
1056,0.0,0.0,0.0,
1057,0.0,0.0,0.0,
1058,0.0,0.0,0.0,
1059,0.0,0.0,0.0,
1060,0.0,0.0,0.0,
1061,0.0,0.0,0.0,
1062,2.0,2.0,2.0,
1063,2.0,2.0,2.0,
1064,2.0,2.0,2.0,
1065,0.0,0.0,0.0,
1066,0.0,0.0,0.0,
1067,0.0,0.0,0.0,
1068,0.0,0.0,0.0,
1069,1.0,1.0,2.0,
1070,1.0,1.0,2.0,
1071,0.0,0.0,0.0,
1072,2.0,2.0,2.0,
1073,2.0,2.0,2.0,
1074,1.0,1.0,1.0,
1075,0.0,0.0,1.0,
1076,0.0,0.0,1.0,
1077,0.0,0.0,0.0,
1078,1.0,0.0,0.0,
1079,1.0,0.0,0.0,
1080,1.0,1.0,1.0,
1081,2.0,2.0,2.0,
1082,2.0,2.0,2.0,
1083,0.0,0.0,1.0,
1084,1.0,1.0,1.0,
1085,1.0,1.0,1.0,
1086,1.0,1.0,1.0,
1087,3.0,2.0,3.0,
1088,3.0,2.0,3.0,
1089,1.0,1.0,1.0,
1090,3.0,3.0,3.0,
1091,3.0,3.0,3.0,
1092,1.0,1.0,0.0,
1093,3.0,3.0,2.0,
1094,3.0,3.0,2.0,
1095,1.0,1.0,1.0,
1096,0.0,0.0,1.0,
1097,0.0,0.0,1.0,
1098,1.0,0.0,1.0,
1099,2.0,1.0,2.0,
1100,2.0,1.0,2.0,
1101,0.0,0.0,0.0,
1102,1.0,1.0,1.0,
1103,1.0,1.0,1.0,
1104,5.0,4.0,5.0,
1105,0.0,0.0,0.0,
1106,0.0,0.0,0.0,
1107,3.0,2.0,3.0,
1108,1.0,1.0,2.0,
1109,1.0,1.0,2.0,
1110,0.0,0.0,0.0,
1111,1.0,1.0,1.0,
1112,1.0,1.0,1.0,
1113,0.0,0.0,0.0,
1114,0.0,0.0,0.0,
1115,0.0,0.0,0.0,
1116,2.0,2.0,2.0,
1117,4.0,4.0,3.0,
1118,4.0,4.0,3.0,
1119,3.0,3.0,3.0,
1120,3.0,3.0,3.0,
1121,3.0,3.0,3.0,
1122,0.0,0.0,1.0,
1123,0.0,0.0,1.0,
1124,0.0,0.0,1.0,
1125,0.0,0.0,0.0,
1126,2.0,2.0,2.0,
1127,2.0,2.0,2.0,
1128,3.0,2.0,2.0,
组间不同任务阶段显著性分布,
类别,独立样本t检验显著,独立样本t检验显著且正态,Mann-Whitney U检验显著,
Resting,252.0,120.0,220.0,
Count1,183.0,145.0,172.0,
Speak,146.0,110.0,142.0,
Count2,164.0,138.0,183.0,
Listen,267.0,185.0,276.0,
Count3,227.0,186.0,269.0,
